frame,latency_ms,num_trackers,critical,warning,safe
1,710.7679843902588,7,0,3,4
2,174.74675178527832,6,0,4,2
3,189.54038619995117,6,0,4,2
4,166.9633388519287,7,0,5,2
5,124.64523315429688,6,0,3,3
6,148.56886863708496,6,0,3,3
7,158.86521339416504,7,0,5,2
8,135.38479804992676,6,0,4,2
9,128.1266212463379,6,0,6,0
10,166.9938564300537,6,0,6,0
11,169.51489448547363,4,0,4,0
12,154.12640571594238,6,0,6,0
13,140.81621170043945,7,0,7,0
14,130.1252841949463,8,0,8,0
15,155.32398223876953,7,0,6,1
16,148.51808547973633,6,0,5,1
17,155.42840957641602,6,0,5,1
18,149.7323513031006,6,0,5,1
19,177.0327091217041,6,0,4,2
20,161.607027053833,7,0,5,2
21,167.18482971191406,7,0,6,1
22,141.5729522705078,7,0,6,1
23,125.90289115905762,7,0,6,1
24,181.34570121765137,7,0,7,0
25,166.9156551361084,7,0,7,0
26,149.7511863708496,7,0,7,0
27,158.06293487548828,7,0,7,0
28,138.82946968078613,5,0,5,0
29,237.29372024536133,6,0,6,0
30,161.88979148864746,7,0,7,0
31,212.7366065979004,7,0,7,0
32,165.15564918518066,7,0,7,0
33,179.107666015625,7,0,7,0
34,174.05366897583008,8,0,8,0
35,169.3747043609619,5,0,5,0
36,188.16804885864258,6,0,6,0
37,229.91323471069336,5,0,5,0
38,161.00478172302246,5,0,5,0
39,228.01494598388672,7,0,7,0
40,180.81116676330566,6,0,6,0
41,160.5203151702881,6,0,6,0
42,155.26628494262695,6,0,6,0
43,159.1794490814209,6,1,5,0
44,159.60407257080078,6,1,5,0
45,152.10866928100586,6,1,5,0
46,179.78358268737793,7,1,6,0
47,151.0937213897705,7,1,6,0
48,165.32015800476074,7,0,7,0
49,152.4507999420166,8,0,8,0
50,167.04583168029785,9,0,8,1
51,165.56024551391602,9,0,8,1
52,158.0209732055664,9,0,9,0
53,162.22715377807617,9,0,9,0
54,169.65317726135254,9,0,6,3
55,149.2471694946289,8,0,6,2
56,134.75537300109863,10,0,8,2
57,152.0681381225586,8,0,6,2
58,157.87339210510254,8,0,7,1
59,158.98919105529785,8,0,7,1
60,148.70667457580566,8,0,7,1
61,161.23652458190918,8,0,6,2
62,160.29906272888184,9,0,6,3
63,167.25683212280273,8,0,5,3
64,145.432710647583,8,0,5,3
65,142.63272285461426,9,0,5,4
66,149.0330696105957,7,0,4,3
67,170.16911506652832,9,0,4,5
68,150.54702758789062,9,0,4,5
69,154.5424461364746,9,0,4,5
70,152.28772163391113,8,0,4,4
71,142.76671409606934,9,0,4,5
72,150.76828002929688,9,0,4,5
73,153.49316596984863,9,0,5,4
74,150.36869049072266,10,0,6,4
75,145.90120315551758,10,0,6,4
76,135.93173027038574,8,0,5,3
77,137.42613792419434,8,0,5,3
78,145.61152458190918,7,0,4,3
79,133.26168060302734,7,0,6,1
80,156.36610984802246,8,0,8,0
81,156.80789947509766,8,0,8,0
82,199.5837688446045,8,0,8,0
83,153.11145782470703,8,0,8,0
84,163.73491287231445,8,0,8,0
85,146.79718017578125,8,0,8,0
86,143.2652473449707,9,0,9,0
87,170.00842094421387,9,0,9,0
88,159.7878932952881,9,0,7,2
89,145.84970474243164,10,0,8,2
90,157.5920581817627,10,0,9,1
91,160.02273559570312,10,0,7,3
92,157.1345329284668,9,0,7,2
93,151.6730785369873,9,0,7,2
94,153.3181667327881,10,0,7,3
95,150.9566307067871,11,0,5,6
96,163.91277313232422,11,0,4,7
97,178.65490913391113,12,0,5,7
98,164.9010181427002,11,0,4,7
99,193.2060718536377,11,0,4,7
100,177.89816856384277,11,0,1,10
101,181.60271644592285,12,0,1,11
102,184.9966049194336,10,0,1,9
103,170.43471336364746,11,0,1,10
104,184.50284004211426,10,0,1,9
105,190.11211395263672,10,0,1,9
106,183.40826034545898,10,0,1,9
107,171.77605628967285,10,0,1,9
108,146.9860076904297,10,0,1,9
109,147.84955978393555,10,0,1,9
110,184.7972869873047,10,0,1,9
111,163.09642791748047,10,0,1,9
112,160.8119010925293,10,0,1,9
113,159.45863723754883,10,0,1,9
114,175.6298542022705,9,0,1,8
115,158.57338905334473,10,0,0,10
116,155.66158294677734,10,0,0,10
117,158.14924240112305,11,0,0,11
118,176.26667022705078,10,0,0,10
119,171.84209823608398,12,0,0,12
120,160.71486473083496,9,0,0,9
121,178.16472053527832,10,0,0,10
122,166.89324378967285,11,0,0,11
123,175.8248805999756,11,0,0,11
124,161.50259971618652,11,0,0,11
125,164.5510196685791,12,0,0,12
126,163.46168518066406,14,0,0,14
127,165.12012481689453,13,0,0,13
128,174.1805076599121,11,0,0,11
129,177.9637336730957,12,0,1,11
130,189.9580955505371,11,0,2,9
131,188.5075569152832,12,0,2,10
132,150.02107620239258,11,0,2,9
133,187.5746250152588,11,0,2,9
134,143.2633399963379,12,0,2,10
135,174.33738708496094,12,0,1,11
136,171.95391654968262,12,0,1,11
137,157.09638595581055,12,0,1,11
138,161.22674942016602,12,0,1,11
139,178.10893058776855,11,0,1,10
140,173.69818687438965,12,0,1,11
141,185.70351600646973,13,0,0,13
142,156.68892860412598,12,0,0,12
143,144.5631980895996,12,0,0,12
144,148.08082580566406,12,0,0,12
145,150.29668807983398,11,0,0,11
146,154.1295051574707,13,0,0,13
147,174.63159561157227,11,0,0,11
148,135.86926460266113,8,0,0,8
149,161.2544059753418,12,0,0,12
150,160.9179973602295,13,0,0,13
151,162.22548484802246,13,0,0,13
152,181.06913566589355,14,0,0,14
153,131.5920352935791,10,0,0,10
154,140.15436172485352,13,0,0,13
155,157.15527534484863,16,0,0,16
156,181.85067176818848,15,0,0,15
157,138.7016773223877,14,0,0,14
158,157.38463401794434,12,0,0,12
159,185.83035469055176,14,0,4,10
160,145.9667682647705,15,0,4,11
161,155.26962280273438,16,0,6,10
162,156.2199592590332,12,0,2,10
163,185.2133274078369,14,0,1,13
164,137.94827461242676,12,0,1,11
165,134.15265083312988,11,0,0,11
166,181.94103240966797,12,0,0,12
167,147.79233932495117,13,0,0,13
168,145.01261711120605,11,0,0,11
169,165.8473014831543,10,0,0,10
170,189.4052028656006,10,0,0,10
171,161.65947914123535,11,0,0,11
172,155.6689739227295,13,0,0,13
173,142.836332321167,11,0,0,11
174,125.66041946411133,12,0,0,12
175,128.61037254333496,9,0,0,9
176,150.5134105682373,9,0,0,9
177,143.9957618713379,11,0,0,11
178,171.24390602111816,10,0,0,10
179,184.77892875671387,10,0,0,10
180,161.14425659179688,9,0,0,9
181,143.53013038635254,10,0,0,10
182,162.45651245117188,11,0,0,11
183,183.16268920898438,11,0,0,11
184,164.2136573791504,12,0,0,12
185,138.4134292602539,10,0,0,10
186,157.06324577331543,11,0,0,11
187,156.59642219543457,11,1,0,10
188,155.1663875579834,12,1,0,11
189,144.24586296081543,11,1,0,10
190,175.2772331237793,11,1,0,10
191,160.70985794067383,10,1,0,9
192,147.80449867248535,10,1,0,9
193,145.94459533691406,10,1,0,9
194,126.97958946228027,10,1,0,9
195,128.587007522583,10,1,0,9
196,131.3178539276123,10,1,0,9
197,154.3266773223877,10,1,0,9
198,136.81769371032715,10,1,1,8
199,136.83176040649414,9,1,1,7
200,128.54862213134766,10,1,3,6
201,125.3821849822998,10,1,3,6
202,150.72321891784668,9,1,3,5
203,140.46931266784668,9,1,3,5
204,139.66012001037598,9,1,3,5
205,143.04709434509277,9,1,2,6
206,141.65496826171875,9,1,2,6
207,153.75113487243652,9,1,2,6
208,149.59311485290527,9,1,3,5
209,146.79884910583496,9,1,3,5
210,130.64861297607422,9,1,3,5
211,142.0426368713379,9,1,3,5
212,138.77010345458984,8,1,2,5
213,150.0415802001953,9,1,0,8
214,142.5609588623047,9,1,0,8
215,153.58924865722656,9,1,2,6
216,142.55738258361816,9,1,2,6
217,157.52744674682617,9,1,2,6
218,145.85351943969727,9,1,3,5
219,144.76943016052246,9,1,2,6
220,165.85683822631836,9,1,2,6
221,153.2115936279297,9,1,2,6
222,158.2620143890381,9,1,3,5
223,164.0338897705078,9,1,4,4
224,141.27731323242188,8,1,3,4
225,146.5163230895996,8,1,2,5
226,164.2448902130127,8,1,1,6
227,164.95561599731445,8,1,1,6
228,142.49014854431152,7,1,1,5
229,152.59838104248047,7,1,0,6
230,161.44895553588867,7,1,1,5
231,148.7438678741455,7,1,0,6
232,138.3991241455078,7,1,0,6
233,159.57069396972656,7,1,0,6
234,157.12523460388184,7,1,0,6
235,150.0101089477539,7,1,0,6
236,137.57920265197754,7,1,0,6
237,156.03375434875488,7,1,0,6
238,141.12019538879395,7,1,0,6
239,146.49271965026855,7,1,0,6
240,153.4879207611084,7,1,0,6
241,143.82457733154297,7,1,0,6
242,156.50153160095215,7,1,0,6
243,168.39289665222168,7,1,0,6
244,156.77189826965332,8,1,0,7
245,148.8645076751709,8,1,0,7
246,142.2743797302246,8,1,0,7
247,184.18073654174805,8,1,2,5
248,160.88056564331055,9,1,0,8
249,150.81095695495605,9,1,0,8
250,166.07165336608887,8,1,0,7
251,161.54718399047852,9,1,0,8
252,152.46248245239258,8,1,1,6
253,138.89169692993164,8,1,1,6
254,153.184175491333,8,1,1,6
255,159.071683883667,8,1,1,6
256,151.88121795654297,9,1,2,6
257,151.44634246826172,9,1,2,6
258,147.13788032531738,9,1,2,6
259,162.07337379455566,9,1,2,6
260,156.0842990875244,9,1,2,6
261,155.4098129272461,9,1,2,6
262,161.36527061462402,8,1,2,5
263,158.66756439208984,7,1,1,5
264,147.9356288909912,8,1,2,5
265,160.0329875946045,7,1,2,4
266,135.24150848388672,7,1,2,4
267,150.78473091125488,7,1,1,5
268,157.7925682067871,8,1,2,5
269,152.61530876159668,7,1,0,6
270,149.9650478363037,9,1,0,8
271,156.71253204345703,6,1,0,5
272,143.19896697998047,8,1,0,7
273,157.38511085510254,8,1,0,7
274,159.55829620361328,7,1,0,6
275,167.9527759552002,6,1,0,5
276,160.37416458129883,7,1,0,6
277,157.1657657623291,7,1,0,6
278,156.6462516784668,8,1,0,7
279,148.392915725708,9,1,0,8
280,171.01144790649414,8,1,0,7
281,191.03598594665527,11,1,0,10
282,163.07759284973145,9,1,0,8
283,166.98360443115234,8,1,0,7
284,185.36734580993652,9,1,0,8
285,156.22377395629883,9,1,0,8
286,155.6410789489746,9,1,0,8
287,152.19879150390625,9,1,0,8
288,145.1096534729004,8,1,0,7
289,162.14847564697266,11,1,0,10
290,178.5452365875244,12,1,0,11
291,143.43976974487305,12,1,0,11
292,145.42293548583984,10,1,0,9
293,156.42118453979492,8,1,0,7
294,166.9900417327881,8,1,0,7
295,154.83379364013672,6,1,0,5
296,159.0416431427002,7,1,0,6
297,143.28980445861816,7,1,0,6
298,150.5718231201172,7,1,0,6
299,152.72831916809082,7,1,0,6
300,145.28441429138184,8,1,0,7
301,144.92273330688477,9,1,0,8
302,153.09858322143555,8,1,0,7
303,144.18721199035645,9,1,0,8
304,165.82036018371582,10,1,0,9
305,178.9836883544922,10,1,0,9
306,147.9661464691162,10,1,0,9
307,154.2654037475586,10,1,0,9
308,149.30081367492676,10,1,0,9
309,173.9039421081543,10,1,0,9
310,175.47082901000977,10,1,0,9
311,156.25572204589844,9,1,0,8
312,141.35098457336426,9,1,0,8
313,160.7949733734131,11,1,0,10
314,176.84078216552734,11,1,0,10
315,167.62208938598633,12,1,0,11
316,144.65713500976562,11,1,0,10
317,154.85739707946777,11,1,0,10
318,179.20303344726562,8,1,0,7
319,160.24446487426758,9,1,0,8
320,148.27466011047363,9,1,0,8
321,140.18607139587402,9,1,3,5
322,172.5013256072998,9,1,1,7
323,170.65191268920898,9,1,1,7
324,180.22847175598145,9,1,1,7
325,159.11269187927246,9,1,1,7
326,143.74494552612305,9,1,0,8
327,150.57730674743652,9,1,0,8
328,180.59897422790527,9,1,0,8
329,163.37156295776367,9,1,0,8
330,156.5842628479004,9,1,0,8
331,138.47684860229492,9,1,0,8
332,185.38236618041992,10,1,0,9
333,164.22295570373535,10,1,0,9
334,152.04286575317383,10,1,0,9
335,147.44329452514648,10,1,0,9
336,146.75426483154297,10,1,0,9
337,174.51906204223633,10,1,0,9
338,158.2200527191162,10,1,0,9
339,149.68347549438477,11,1,0,10
340,141.74985885620117,10,1,0,9
341,153.92017364501953,10,1,0,9
342,186.1729621887207,11,1,0,10
343,163.84148597717285,11,1,0,10
344,156.65292739868164,10,1,0,9
345,156.86464309692383,10,1,0,9
346,182.40833282470703,10,1,0,9
347,132.31658935546875,11,1,0,10
348,147.74131774902344,9,1,0,8
349,174.9706268310547,9,1,0,8
350,174.20411109924316,9,1,0,8
351,139.0674114227295,7,1,0,6
352,143.15366744995117,9,1,0,8
353,142.3201560974121,9,1,0,8
354,197.94845581054688,9,1,0,8
355,152.51684188842773,11,1,0,10
356,160.62259674072266,11,1,0,10
357,182.16490745544434,11,1,0,10
358,186.39588356018066,12,1,0,11
359,210.22868156433105,11,1,0,10
360,192.43144989013672,10,1,0,9
361,181.75745010375977,10,1,0,9
362,178.71379852294922,10,1,0,9
363,193.27521324157715,12,1,0,11
364,164.9608612060547,11,1,0,10
365,159.17301177978516,11,1,0,10
366,167.55962371826172,11,1,0,10
367,166.72158241271973,10,1,0,9
368,173.2187271118164,12,1,0,11
369,168.89476776123047,10,1,0,9
370,158.13326835632324,9,1,0,8
371,171.69451713562012,9,1,0,8
372,173.73180389404297,9,1,0,8
373,178.85231971740723,8,1,0,7
374,174.85308647155762,8,1,0,7
375,224.06411170959473,8,1,0,7
376,169.59714889526367,8,1,0,7
377,164.44897651672363,8,1,0,7
378,157.03225135803223,9,1,0,8
379,144.6707248687744,9,1,0,8
380,171.97799682617188,9,1,0,8
381,142.48323440551758,9,1,0,8
382,168.0612564086914,9,1,0,8
383,199.4302272796631,9,1,0,8
384,166.52584075927734,8,1,0,7
385,191.97392463684082,8,1,0,7
386,188.94529342651367,8,1,0,7
387,166.46528244018555,10,1,0,9
388,187.01410293579102,10,1,0,9
389,167.86670684814453,10,1,0,9
390,171.45180702209473,10,1,0,9
391,166.2747859954834,10,1,0,9
392,172.07646369934082,11,1,0,10
393,169.79479789733887,10,1,0,9
394,163.0074977874756,9,1,0,8
395,171.9796657562256,9,1,0,8
396,155.1375389099121,9,1,0,8
397,157.69004821777344,9,1,0,8
398,171.2510585784912,9,1,0,8
399,160.66932678222656,9,1,0,8
400,148.5886573791504,9,1,0,8
401,157.85503387451172,10,1,0,9
402,175.17876625061035,10,1,0,9
403,147.16124534606934,10,1,0,9
404,167.30475425720215,10,1,0,9
405,169.06237602233887,9,1,0,8
406,165.71569442749023,9,1,0,8
407,167.77586936950684,10,1,0,9
408,174.3454933166504,10,1,0,9
409,157.42850303649902,10,1,0,9
410,155.32803535461426,8,1,0,7
411,163.20371627807617,7,1,0,6
412,158.6902141571045,7,1,0,6
413,150.58541297912598,7,1,0,6
414,162.83750534057617,7,1,0,6
415,144.21653747558594,8,1,0,7
416,148.60939979553223,7,1,0,6
417,146.17586135864258,7,1,0,6
418,149.69563484191895,8,1,0,7
419,162.52803802490234,10,1,0,9
420,142.29345321655273,9,1,0,8
421,133.62812995910645,10,1,0,9
422,159.5156192779541,9,1,0,8
423,162.02163696289062,9,1,0,8
424,165.9085750579834,10,1,0,9
425,153.95355224609375,9,1,0,8
426,163.82336616516113,9,1,0,8
427,167.6931381225586,9,1,0,8
428,181.40912055969238,9,1,0,8
429,162.29534149169922,9,1,0,8
430,162.76216506958008,9,1,0,8
431,146.51942253112793,9,1,0,8
432,143.33176612854004,10,1,0,9
433,151.2906551361084,10,1,0,9
434,138.7474536895752,10,1,0,9
435,154.36959266662598,8,1,0,7
436,153.3665657043457,8,1,0,7
437,143.72897148132324,8,1,0,7
438,141.05892181396484,8,1,0,7
439,152.13322639465332,8,1,0,7
440,151.41797065734863,8,1,0,7
441,125.0460147857666,9,1,0,8
442,142.98391342163086,7,1,0,6
443,156.02540969848633,9,1,0,8
444,144.34075355529785,9,1,0,8
445,149.74641799926758,9,1,0,8
446,126.15275382995605,9,1,0,8
447,127.77328491210938,8,1,0,7
448,151.2930393218994,9,1,0,8
449,157.40537643432617,9,1,0,8
450,148.75555038452148,9,1,0,8
451,158.8916778564453,9,1,0,8
452,156.48531913757324,9,1,0,8
453,136.66367530822754,8,1,0,7
454,165.54999351501465,9,1,0,8
455,178.71856689453125,9,1,0,8
456,162.91069984436035,9,1,0,8
457,200.8659839630127,8,1,0,7
458,169.51489448547363,7,1,0,6
459,172.56784439086914,8,1,0,7
460,151.89766883850098,8,1,0,7
461,160.69269180297852,8,1,0,7
462,152.5435447692871,8,1,0,7
463,158.0522060394287,8,1,0,7
464,160.36629676818848,7,1,0,6
465,169.2955493927002,7,1,0,6
466,177.50287055969238,7,1,0,6
467,137.79401779174805,8,1,0,7
468,170.3164577484131,8,1,0,7
469,162.4612808227539,8,1,0,7
470,163.92970085144043,8,1,0,7
471,163.60759735107422,9,1,0,8
472,167.5112247467041,8,1,0,7
473,146.93355560302734,8,1,0,7
474,151.22675895690918,7,1,0,6
475,147.6266384124756,7,1,0,6
476,146.26812934875488,7,1,0,6
477,155.7021141052246,7,1,0,6
478,163.09380531311035,7,1,0,6
479,167.33813285827637,7,1,0,6
480,153.76019477844238,7,1,0,6
481,136.50846481323242,8,1,0,7
482,142.2579288482666,8,0,1,7
483,161.5304946899414,8,0,1,7
484,156.1110019683838,7,0,1,6
485,159.58714485168457,7,1,0,6
486,161.6501808166504,8,1,0,7
487,152.27484703063965,8,1,0,7
488,165.5418872833252,8,1,0,7
489,144.6237564086914,9,1,0,8
490,164.84761238098145,9,1,0,8
491,167.2213077545166,9,1,0,8
492,180.90033531188965,10,1,0,9
493,162.09769248962402,10,1,0,9
494,170.33743858337402,9,1,0,8
495,183.30621719360352,9,1,0,8
496,164.73126411437988,9,1,0,8
497,159.70087051391602,9,1,0,8
498,154.19721603393555,9,1,0,8
499,161.50569915771484,9,1,0,8
500,152.79698371887207,9,1,0,8
501,170.98712921142578,9,1,0,8
502,167.16623306274414,9,1,0,8
503,172.92332649230957,10,1,0,9
504,167.30642318725586,10,1,0,9
505,155.4281711578369,9,1,0,8
506,179.92520332336426,9,1,0,8
507,162.95409202575684,9,1,0,8
508,169.21520233154297,9,1,0,8
509,177.4592399597168,9,1,0,8
510,158.05459022521973,9,1,0,8
511,160.506010055542,9,1,0,8
512,167.26112365722656,11,1,0,10
513,167.92058944702148,11,1,0,10
514,167.97780990600586,10,1,0,9
515,162.85967826843262,11,1,0,10
516,161.97586059570312,11,1,0,10
517,155.22432327270508,11,1,0,10
518,153.43761444091797,9,1,0,8
519,166.22138023376465,9,1,0,8
520,152.18639373779297,11,1,0,10
521,145.0634002685547,10,1,0,9
522,165.15660285949707,10,1,0,9
523,154.7231674194336,9,1,0,8
524,164.29471969604492,9,1,0,8
525,205.36565780639648,9,1,0,8
526,169.0061092376709,9,1,0,8
527,181.48446083068848,8,1,0,7
528,181.15234375,8,1,0,7
529,161.45682334899902,8,1,0,7
530,172.61266708374023,8,1,0,7
531,158.4148406982422,8,1,0,7
532,156.87990188598633,7,1,0,6
533,164.42465782165527,7,1,0,6
534,192.73638725280762,7,1,0,6
535,184.9372386932373,7,1,0,6
536,189.6347999572754,8,1,0,7
537,168.53642463684082,8,1,0,7
538,171.23007774353027,8,1,0,7
539,182.43670463562012,8,1,0,7
540,168.09964179992676,8,1,0,7
541,183.98737907409668,8,1,0,7
542,166.0923957824707,9,1,0,8
543,213.43398094177246,9,1,0,8
544,196.6879367828369,9,1,0,8
545,155.6391716003418,10,1,0,9
546,159.68823432922363,10,1,0,9
547,144.67144012451172,9,1,0,8
548,159.90281105041504,8,1,0,7
549,152.80461311340332,8,1,0,7
550,151.26442909240723,9,1,0,8
551,174.086332321167,8,1,0,7
552,162.6279354095459,8,1,0,7
553,162.40787506103516,8,1,0,7
554,159.51204299926758,8,1,0,7
555,152.73022651672363,8,1,0,7
556,170.43185234069824,8,1,0,7
557,171.45204544067383,7,1,0,6
558,170.24874687194824,7,1,0,6
559,148.90432357788086,7,1,0,6
560,162.095308303833,7,1,0,6
561,160.4592800140381,7,1,0,6
562,155.3044319152832,7,1,0,6
563,168.83015632629395,7,1,0,6
564,150.36797523498535,7,1,0,6
565,163.4981632232666,6,1,0,5
566,169.10076141357422,7,1,0,6
567,165.96245765686035,7,1,0,6
568,166.87750816345215,7,1,0,6
569,158.8125228881836,8,1,0,7
570,186.84983253479004,8,1,0,7
571,190.24157524108887,8,1,0,7
572,163.11311721801758,8,1,0,7
573,168.82634162902832,8,1,0,7
574,169.1279411315918,8,1,0,7
575,165.92884063720703,8,1,0,7
576,148.66065979003906,8,1,0,7
577,145.186185836792,8,1,0,7
578,168.3945655822754,7,1,0,6
579,154.80828285217285,8,1,0,7
580,170.86029052734375,8,1,0,7
581,173.72798919677734,7,1,0,6
582,160.92324256896973,7,1,0,6
583,149.8560905456543,7,1,0,6
584,153.0466079711914,7,1,0,6
585,164.51382637023926,7,1,0,6
586,169.79217529296875,7,1,0,6
587,147.96185493469238,7,1,0,6
588,164.68572616577148,7,1,0,6
589,166.93353652954102,7,1,0,6
590,168.20526123046875,7,1,0,6
591,153.29313278198242,7,1,0,6
592,163.67769241333008,7,1,0,6
593,162.40596771240234,7,1,0,6
594,155.55715560913086,7,1,0,6
595,155.8666229248047,7,1,0,6
596,162.9500389099121,6,1,0,5
597,162.34254837036133,6,1,0,5
598,146.9264030456543,6,1,0,5
599,155.1504135131836,6,1,0,5
600,152.44054794311523,6,1,0,5
601,158.12301635742188,7,1,0,6
602,163.3925437927246,7,1,0,6
603,147.07350730895996,7,1,0,6
604,156.6765308380127,7,1,0,6
605,160.92514991760254,7,1,0,6
606,156.7704677581787,6,1,0,5
607,155.8213233947754,6,1,0,5
608,152.9679298400879,6,1,0,5
609,156.48818016052246,6,1,0,5
610,153.9478302001953,5,0,0,5
611,142.0295238494873,5,0,0,5
612,148.4847068786621,5,0,0,5
613,149.7671604156494,4,0,0,4
614,150.2668857574463,5,0,0,5
615,155.8990478515625,4,0,0,4
616,156.51321411132812,4,0,0,4
617,156.5845012664795,5,0,0,5
618,158.83684158325195,3,0,0,3
619,161.18812561035156,4,0,0,4
620,160.36343574523926,3,0,0,3
621,205.1713466644287,4,0,0,4
622,163.89012336730957,4,0,0,4
623,162.72902488708496,4,0,0,4
624,163.29526901245117,4,0,0,4
625,153.78856658935547,4,0,0,4
626,155.20834922790527,4,0,0,4
627,161.23175621032715,4,0,0,4
628,161.85307502746582,4,0,0,4
629,164.73746299743652,4,0,0,4
630,166.93449020385742,4,0,0,4
631,151.4134407043457,4,0,0,4
632,155.3359031677246,4,0,1,3
633,156.27336502075195,4,0,1,3
634,157.4559211730957,4,0,1,3
635,155.94911575317383,4,0,0,4
636,160.85553169250488,3,0,0,3
637,150.7713794708252,4,0,0,4
638,155.92455863952637,4,0,0,4
639,149.98292922973633,4,0,0,4
640,154.6947956085205,4,0,0,4
641,195.76191902160645,4,0,0,4
642,296.9555854797363,3,0,0,3
643,201.66850090026855,5,0,0,5
644,169.02685165405273,5,0,0,5
645,154.7548770904541,5,0,0,5
646,150.32720565795898,5,0,0,5
647,163.53607177734375,5,0,0,5
648,166.3827896118164,6,0,0,6
649,189.78333473205566,6,0,0,6
650,189.21709060668945,6,0,0,6
651,200.01959800720215,6,0,0,6
652,161.54813766479492,6,0,0,6
653,156.19468688964844,6,0,0,6
654,140.85102081298828,6,0,0,6
655,166.03851318359375,5,0,0,5
656,174.17407035827637,6,0,0,6
657,156.86702728271484,6,0,0,6
658,153.91206741333008,6,0,0,6
659,161.6976261138916,5,0,0,5
660,213.44614028930664,5,0,0,5
661,173.35987091064453,5,0,0,5
662,173.36630821228027,5,0,0,5
663,177.58774757385254,5,0,0,5
664,174.1194725036621,4,0,0,4
665,168.56861114501953,5,0,0,5
666,177.54054069519043,4,0,0,4
667,186.77186965942383,5,0,0,5
668,176.32651329040527,6,0,0,6
669,170.32551765441895,6,0,0,6
670,166.12482070922852,6,0,0,6
671,154.38342094421387,5,0,0,5
672,163.4669303894043,5,0,0,5
673,172.2249984741211,5,0,0,5
674,156.7542552947998,5,0,0,5
675,163.68961334228516,5,0,0,5
676,168.38550567626953,5,0,0,5
677,170.61328887939453,5,0,0,5
678,170.8831787109375,6,0,0,6
679,157.31215476989746,5,0,0,5
680,160.89677810668945,5,0,0,5
681,153.36251258850098,5,0,0,5
682,164.97254371643066,5,0,0,5
683,166.56017303466797,6,0,0,6
684,159.88588333129883,6,0,0,6
685,158.1254005432129,7,0,0,7
686,169.97694969177246,6,0,0,6
687,171.10872268676758,6,0,0,6
688,144.66500282287598,6,0,0,6
689,164.46590423583984,6,0,0,6
690,170.4726219177246,7,0,0,7
691,160.7067584991455,6,0,0,6
692,170.11260986328125,6,0,0,6
693,164.9031639099121,6,0,0,6
694,170.97234725952148,6,0,0,6
695,163.68412971496582,7,0,0,7
696,161.29589080810547,3,0,0,3
697,160.15243530273438,6,0,0,6
698,156.7704677581787,5,0,0,5
699,155.94792366027832,6,0,0,6
700,166.68438911437988,6,0,0,6
701,159.89041328430176,6,0,0,6
702,175.70924758911133,5,0,0,5
703,172.41835594177246,5,0,0,5
704,167.27924346923828,5,0,0,5
705,171.22387886047363,5,0,0,5
706,191.73812866210938,5,0,0,5
707,202.5594711303711,6,0,1,5
708,167.36078262329102,6,0,0,6
709,149.0769386291504,6,0,1,5
710,139.0078067779541,5,0,0,5
711,194.65065002441406,5,0,1,4
712,181.79702758789062,5,0,0,5
713,163.67340087890625,5,0,0,5
714,155.1988124847412,6,0,1,5
715,164.2742156982422,5,0,0,5
716,168.87807846069336,5,0,0,5
717,155.84802627563477,6,0,0,6
718,190.16075134277344,8,0,0,8
719,182.98006057739258,7,0,0,7
720,151.88074111938477,7,0,0,7
721,173.22039604187012,8,0,1,7
722,208.20093154907227,7,0,1,6
723,152.4791717529297,7,0,1,6
724,143.51630210876465,7,0,1,6
725,149.932861328125,6,0,0,6
726,152.21405029296875,7,0,0,7
727,178.64370346069336,8,0,0,8
728,176.30624771118164,7,0,0,7
729,170.8850860595703,7,0,0,7
730,152.11105346679688,7,0,0,7
731,158.6606502532959,8,0,0,8
732,192.67845153808594,7,0,0,7
733,149.2142677307129,6,0,0,6
734,154.4485092163086,7,0,0,7
735,153.11861038208008,6,0,0,6
736,146.27909660339355,6,0,0,6
737,175.37474632263184,6,0,0,6
738,174.74746704101562,7,0,0,7
739,241.51849746704102,7,0,0,7
740,177.2773265838623,8,0,0,8
741,183.23850631713867,8,0,0,8
742,169.96121406555176,8,0,0,8
743,166.81981086730957,8,0,0,8
744,171.1862087249756,9,0,0,9
745,158.83374214172363,9,0,0,9
746,159.16919708251953,8,0,0,8
747,163.94996643066406,9,0,0,9
748,162.47153282165527,10,0,0,10
749,160.57825088500977,9,0,0,9
750,146.21281623840332,9,0,0,9
751,156.0356616973877,9,0,0,9
752,144.81592178344727,10,0,0,10
753,162.74166107177734,10,0,0,10
754,179.36110496520996,9,0,0,9
755,192.5673484802246,8,0,1,7
756,161.87167167663574,8,0,1,7
757,154.02841567993164,7,0,2,5
758,167.4795150756836,8,0,2,6
759,174.45921897888184,8,0,2,6
760,162.81914710998535,8,0,3,5
761,155.6847095489502,8,0,2,6
762,152.08768844604492,8,0,1,7
763,176.03635787963867,9,0,1,8
764,180.39894104003906,9,0,1,8
765,165.78197479248047,9,0,1,8
766,151.55959129333496,9,0,1,8
767,135.1921558380127,9,0,0,9
768,151.87406539916992,9,0,0,9
769,173.0644702911377,9,0,0,9
770,189.41092491149902,9,0,0,9
771,159.91449356079102,10,0,0,10
772,141.10517501831055,8,0,0,8
773,153.48458290100098,8,0,0,8
774,161.0238552093506,9,0,0,9
775,164.98470306396484,8,0,0,8
776,172.84035682678223,8,0,0,8
777,159.35087203979492,8,0,1,7
778,159.3465805053711,7,0,1,6
779,172.17421531677246,8,0,0,8
780,157.01055526733398,8,0,0,8
781,148.74267578125,7,0,0,7
782,161.5145206451416,8,0,0,8
783,155.94911575317383,7,0,0,7
784,159.4228744506836,8,0,1,7
785,163.57111930847168,8,0,0,8
786,156.26215934753418,8,0,0,8
787,149.72376823425293,7,0,0,7
788,153.85985374450684,8,0,0,8
789,156.40807151794434,8,0,0,8
790,154.923677444458,8,0,0,8
791,158.4179401397705,7,0,0,7
792,146.2421417236328,7,0,0,7
793,159.59525108337402,8,0,0,8
794,169.5866584777832,9,0,0,9
795,159.2419147491455,8,0,0,8
796,154.86741065979004,9,0,0,9
797,159.80052947998047,10,0,0,10
798,163.89727592468262,8,0,1,7
799,158.34498405456543,7,0,0,7
800,159.09624099731445,7,0,0,7
801,159.11412239074707,7,0,0,7
802,152.96292304992676,6,0,1,5
803,148.10800552368164,6,0,1,5
804,158.52737426757812,6,0,1,5
805,145.71452140808105,6,0,1,5
806,153.85961532592773,7,0,0,7
807,153.36990356445312,8,0,1,7
808,150.27761459350586,7,0,1,6
809,159.30604934692383,7,0,1,6
810,153.5971164703369,8,0,0,8
811,151.64422988891602,7,0,0,7
812,181.78915977478027,8,0,0,8
813,179.3212890625,8,0,0,8
814,173.68006706237793,7,0,0,7
815,152.07695960998535,8,0,0,8
816,191.51878356933594,8,0,0,8
817,154.9234390258789,9,0,0,9
818,172.28960990905762,10,0,0,10
819,184.8430633544922,9,0,0,9
820,168.0309772491455,8,0,0,8
821,180.37962913513184,9,0,0,9
822,181.75292015075684,8,0,0,8
823,204.93721961975098,8,0,0,8
824,163.23256492614746,8,0,0,8
825,164.65067863464355,9,0,0,9
826,168.02167892456055,9,0,0,9
827,178.0872344970703,11,0,0,11
828,177.83260345458984,11,0,0,11
829,144.40131187438965,11,0,0,11
830,153.58901023864746,12,0,0,12
831,160.47906875610352,10,0,0,10
832,156.97526931762695,10,0,0,10
833,155.23600578308105,12,0,0,12
834,158.29873085021973,10,0,0,10
835,156.58164024353027,10,0,0,10
836,147.48835563659668,8,0,0,8
837,161.49187088012695,8,0,0,8
838,146.22855186462402,8,0,0,8
839,159.49463844299316,8,0,0,8
840,169.8782444000244,8,0,0,8
841,165.78984260559082,8,0,0,8
842,165.76051712036133,7,0,0,7
843,150.3591537475586,8,0,0,8
844,165.01402854919434,8,0,0,8
845,156.21662139892578,9,0,0,9
846,158.4625244140625,9,0,0,9
847,147.7663516998291,8,0,0,8
848,165.23003578186035,6,0,0,6
849,162.994384765625,7,0,0,7
850,155.49254417419434,5,0,0,5
851,137.2048854827881,6,0,0,6
852,144.25182342529297,5,0,0,5
853,146.88968658447266,6,0,0,6
854,155.53998947143555,7,0,0,7
855,166.182279586792,7,0,0,7
856,163.038969039917,8,0,0,8
857,164.32976722717285,8,0,0,8
858,139.21403884887695,9,0,0,9
859,153.5325050354004,8,0,0,8
860,151.37338638305664,6,0,0,6
861,143.72777938842773,8,0,0,8
862,157.99951553344727,7,0,0,7
863,154.55341339111328,7,0,0,7
864,155.14516830444336,6,0,0,6
865,159.82413291931152,6,0,0,6
866,161.82756423950195,7,0,0,7
867,159.2092514038086,7,0,0,7
868,150.16770362854004,7,0,0,7
869,161.0870361328125,9,0,0,9
870,159.49654579162598,10,0,0,10
871,159.17539596557617,9,0,0,9
872,152.82559394836426,9,0,0,9
873,155.82871437072754,9,0,0,9
874,141.5691375732422,8,0,0,8
875,155.00354766845703,7,0,0,7
876,155.1213264465332,7,0,0,7
877,145.09844779968262,8,0,0,8
878,158.81776809692383,8,0,0,8
879,142.2410011291504,9,0,0,9
880,156.21519088745117,8,0,0,8
881,187.12568283081055,7,0,0,7
882,156.33225440979004,7,0,0,7
883,147.16672897338867,6,0,0,6
884,134.94539260864258,6,0,0,6
885,152.47225761413574,6,0,0,6
886,159.926176071167,7,0,0,7
887,156.67366981506348,6,0,0,6
888,178.34877967834473,8,0,0,8
889,136.57808303833008,8,0,0,8
890,138.22674751281738,7,0,0,7
891,128.35693359375,7,0,0,7
892,142.39048957824707,6,0,0,6
893,159.46531295776367,7,0,0,7
894,160.64929962158203,7,0,0,7
895,156.0196876525879,7,0,1,6
896,159.17062759399414,7,0,0,7
897,157.27567672729492,7,0,0,7
898,158.1556797027588,7,0,0,7
899,146.6209888458252,7,0,0,7
900,159.70182418823242,7,0,0,7
901,154.4179916381836,7,0,0,7
902,151.99685096740723,7,0,0,7
903,146.03662490844727,7,0,0,7
904,161.56363487243652,8,0,0,8
905,147.67193794250488,8,0,0,8
906,160.37869453430176,7,0,0,7
907,162.71018981933594,7,0,0,7
908,144.26851272583008,8,0,0,8
909,153.72776985168457,9,0,0,9
910,148.6034393310547,7,0,0,7
911,156.7673683166504,8,0,0,8
912,157.9282283782959,9,0,0,9
913,133.0556869506836,8,0,0,8
914,146.29411697387695,9,0,0,9
915,145.90978622436523,11,0,0,11
916,143.64027976989746,10,0,0,10
917,160.6428623199463,7,0,0,7
918,137.46333122253418,8,0,0,8
919,152.35471725463867,4,0,0,4
920,152.05621719360352,5,0,0,5
921,189.73875045776367,5,0,0,5
922,153.66888046264648,4,0,0,4
923,157.69577026367188,6,0,0,6
924,148.62322807312012,5,0,0,5
925,137.64357566833496,5,0,0,5
926,137.50457763671875,5,0,0,5
927,150.55394172668457,6,0,0,6
928,137.67099380493164,5,0,0,5
929,143.3556079864502,6,0,0,6
930,152.81200408935547,6,0,0,6
931,137.3116970062256,5,0,0,5
932,132.70831108093262,5,0,0,5
933,128.72576713562012,5,0,0,5
934,146.45004272460938,5,0,0,5
935,157.40132331848145,6,0,0,6
936,153.7778377532959,8,0,0,8
937,149.15227890014648,7,0,0,7
938,142.7626609802246,8,0,0,8
939,151.51262283325195,9,0,0,9
940,144.11687850952148,9,0,0,9
941,143.707275390625,9,0,1,8
942,160.48073768615723,7,0,1,6
943,152.8189182281494,7,0,0,7
944,153.41544151306152,7,0,0,7
945,160.17723083496094,8,0,0,8
946,147.1872329711914,8,0,0,8
947,154.5093059539795,10,0,0,10
948,154.3259620666504,10,0,0,10
949,147.9477882385254,9,0,0,9
950,134.11974906921387,8,0,0,8
951,152.67682075500488,9,0,0,9
952,161.88454627990723,9,0,2,7
953,135.24413108825684,9,0,0,9
954,163.6359691619873,8,0,0,8
955,194.2887306213379,8,0,2,6
956,157.55224227905273,9,0,4,5
957,158.04219245910645,9,0,2,7
958,161.98396682739258,8,0,3,5
959,153.03993225097656,8,0,4,4
960,158.7510108947754,9,0,5,4
961,160.83431243896484,8,0,4,4
962,145.43652534484863,8,0,3,5
963,153.20992469787598,8,0,0,8
964,161.64469718933105,10,0,0,10
965,147.16792106628418,10,0,0,10
966,152.2989273071289,9,0,0,9
967,152.47702598571777,8,0,0,8
968,146.61598205566406,8,0,0,8
969,163.5153293609619,9,0,0,9
970,147.4928855895996,6,0,0,6
971,140.66767692565918,5,0,0,5
972,146.91853523254395,8,0,0,8
973,155.29370307922363,8,0,0,8
974,159.592866897583,7,0,0,7
975,152.59695053100586,4,0,0,4
976,162.77813911437988,5,0,0,5
977,159.76834297180176,5,0,0,5
978,165.13323783874512,5,0,0,5
979,161.05961799621582,6,0,0,6
980,161.82351112365723,7,0,0,7
981,151.23391151428223,6,0,0,6
982,155.38501739501953,6,0,0,6
983,160.43996810913086,5,0,0,5
984,156.1884880065918,7,0,0,7
985,162.05668449401855,7,0,0,7
986,153.44786643981934,7,0,0,7
987,219.45953369140625,7,0,0,7
988,157.4263572692871,8,0,0,8
989,159.82985496520996,7,0,0,7
990,149.32560920715332,8,0,0,8
991,158.69832038879395,8,0,0,8
992,160.81690788269043,8,0,0,8
993,159.5015525817871,7,0,0,7
994,145.35760879516602,7,0,0,7
995,148.15044403076172,7,0,0,7
996,159.8813533782959,7,0,0,7
997,176.50127410888672,7,0,0,7
998,170.46689987182617,7,0,0,7
999,164.84308242797852,7,0,0,7
1000,149.871826171875,7,0,0,7
1001,137.34912872314453,8,0,0,8
1002,143.92924308776855,7,0,1,6
1003,158.75720977783203,7,0,1,6
1004,154.72102165222168,6,0,0,6
1005,157.59944915771484,7,0,0,7
1006,164.9179458618164,7,0,0,7
1007,148.09393882751465,10,0,0,10
1008,152.55117416381836,11,0,0,11
1009,142.0760154724121,10,0,0,10
1010,147.41086959838867,10,0,0,10
1011,145.93124389648438,8,0,0,8
1012,159.72256660461426,7,0,0,7
1013,156.35371208190918,7,0,0,7
1014,157.0441722869873,7,0,0,7
1015,154.3879508972168,9,0,0,9
1016,156.10337257385254,9,0,0,9
1017,154.2043685913086,9,0,0,9
1018,158.1728458404541,10,0,0,10
1019,137.4208927154541,9,0,0,9
1020,154.91318702697754,7,0,0,7
1021,160.43663024902344,9,0,0,9
1022,152.60624885559082,9,0,0,9
1023,162.35947608947754,9,0,0,9
1024,157.37485885620117,11,0,0,11
1025,152.41146087646484,10,0,0,10
1026,149.20282363891602,11,0,0,11
1027,132.19189643859863,12,0,0,12
1028,152.1754264831543,11,0,0,11
1029,149.09958839416504,9,0,0,9
1030,140.21015167236328,11,0,0,11
1031,144.3197727203369,12,0,0,12
1032,149.69682693481445,12,0,0,12
1033,160.30144691467285,12,0,0,12
1034,159.31248664855957,11,0,0,11
1035,162.23883628845215,12,0,0,12
1036,153.24044227600098,12,0,0,12
1037,140.82694053649902,11,0,0,11
1038,154.12259101867676,11,0,0,11
1039,152.74524688720703,10,0,1,9
1040,161.22841835021973,10,0,0,10
1041,150.07686614990234,12,0,0,12
1042,153.3496379852295,12,0,0,12
1043,159.17730331420898,11,0,0,11
1044,146.79813385009766,11,0,0,11
1045,134.15789604187012,10,0,0,10
1046,159.41762924194336,9,0,0,9
1047,157.50551223754883,9,0,0,9
1048,157.2279930114746,10,0,0,10
1049,148.9870548248291,9,0,0,9
1050,150.87413787841797,9,0,0,9
1051,180.19390106201172,11,0,0,11
1052,150.6669521331787,13,0,0,13
1053,151.88956260681152,14,0,0,14
1054,159.15727615356445,13,0,0,13
1055,151.3197422027588,12,0,0,12
1056,160.79187393188477,13,0,0,13
1057,146.9404697418213,9,0,0,9
1058,161.2684726715088,11,0,0,11
1059,168.5175895690918,10,0,1,9
1060,156.6624641418457,13,0,1,12
1061,145.46918869018555,12,0,1,11
1062,154.75702285766602,12,0,1,11
1063,146.08073234558105,13,0,0,13
1064,155.41839599609375,14,0,0,14
1065,170.65715789794922,12,0,0,12
1066,146.34275436401367,11,0,0,11
1067,146.90041542053223,10,0,0,10
1068,146.93760871887207,10,0,0,10
1069,212.172269821167,11,0,0,11
1070,162.9631519317627,11,0,0,11
1071,164.6287441253662,11,0,0,11
1072,148.18501472473145,10,0,0,10
1073,155.21788597106934,8,0,0,8
1074,142.57144927978516,6,0,0,6
1075,157.04965591430664,7,0,0,7
1076,148.47421646118164,9,0,0,9
1077,136.63721084594727,8,0,0,8
1078,152.45771408081055,9,0,0,9
1079,162.27316856384277,8,0,0,8
1080,139.23239707946777,8,0,0,8
1081,156.0373306274414,9,0,0,9
1082,205.8248519897461,9,0,0,9
1083,152.02713012695312,9,0,0,9
1084,146.9442844390869,9,0,0,9
1085,157.70506858825684,9,0,0,9
1086,151.2467861175537,10,0,0,10
1087,147.68576622009277,10,0,0,10
1088,148.6525535583496,11,0,0,11
1089,145.71475982666016,11,0,0,11
1090,154.60610389709473,10,0,0,10
1091,158.5090160369873,8,0,0,8
1092,144.22154426574707,8,0,0,8
1093,174.00240898132324,8,0,0,8
1094,143.18585395812988,9,0,0,9
1095,133.8973045349121,11,0,1,10
1096,143.6173915863037,10,0,0,10
1097,165.62151908874512,10,0,0,10
1098,150.24423599243164,6,0,0,6
1099,150.87080001831055,7,0,0,7
1100,141.91365242004395,6,0,0,6
1101,154.11806106567383,7,0,0,7
1102,158.86354446411133,8,0,0,8
1103,152.14300155639648,8,0,0,8
1104,157.61160850524902,7,0,0,7
1105,154.44016456604004,7,0,0,7
1106,161.9889736175537,8,0,0,8
1107,171.83399200439453,9,0,0,9
1108,151.12066268920898,7,0,0,7
1109,152.1320343017578,6,0,0,6
1110,143.41020584106445,7,0,0,7
1111,152.10318565368652,9,0,0,9
1112,137.09068298339844,9,0,0,9
1113,162.63961791992188,9,0,0,9
1114,160.30097007751465,9,0,0,9
1115,207.57651329040527,8,0,0,8
1116,168.69354248046875,9,0,0,9
1117,161.83018684387207,9,0,0,9
1118,158.34689140319824,9,0,0,9
1119,146.50225639343262,9,0,0,9
1120,143.32032203674316,8,0,0,8
1121,159.93714332580566,8,0,0,8
1122,160.94660758972168,8,0,0,8
1123,162.03594207763672,9,0,0,9
1124,158.25819969177246,8,0,0,8
1125,152.39524841308594,8,0,0,8
1126,143.10097694396973,9,0,0,9
1127,162.2793674468994,9,0,0,9
1128,148.6351490020752,7,0,0,7
1129,138.15808296203613,8,0,0,8
1130,160.3531837463379,9,0,0,9
1131,154.76679801940918,9,0,0,9
1132,149.11341667175293,8,0,0,8
1133,141.77393913269043,8,0,0,8
1134,170.93873023986816,9,0,0,9
1135,136.1370086669922,9,0,0,9
1136,155.83300590515137,8,0,2,6
1137,157.81211853027344,9,0,1,8
1138,153.2294750213623,8,0,0,8
1139,133.87417793273926,8,0,0,8
1140,155.72571754455566,8,0,0,8
1141,231.15062713623047,9,0,0,9
1142,165.0080680847168,9,0,0,9
1143,154.9069881439209,7,0,0,7
1144,162.64629364013672,8,0,0,8
1145,156.26192092895508,8,0,0,8
1146,196.78020477294922,7,0,0,7
1147,164.67714309692383,7,0,0,7
1148,149.35851097106934,7,0,0,7
1149,147.22537994384766,7,0,0,7
1150,150.00391006469727,7,0,0,7
1151,162.90044784545898,9,0,0,9
1152,166.58949851989746,9,0,0,9
1153,155.83491325378418,7,0,0,7
1154,159.57927703857422,9,0,0,9
1155,162.64748573303223,8,0,0,8
1156,161.21602058410645,7,0,0,7
1157,151.2134075164795,8,0,0,8
1158,148.37932586669922,7,0,0,7
1159,157.19032287597656,8,0,0,8
1160,163.01393508911133,8,0,0,8
1161,158.92863273620605,8,0,0,8
1162,193.04895401000977,7,0,0,7
1163,148.90146255493164,7,0,0,7
1164,160.98546981811523,7,0,0,7
1165,154.036283493042,7,0,0,7
1166,157.759428024292,7,0,0,7
1167,152.1904468536377,7,0,0,7
1168,157.29427337646484,8,0,0,8
1169,172.25074768066406,8,0,0,8
1170,154.29091453552246,8,0,0,8
1171,154.8762321472168,8,0,0,8
1172,165.06075859069824,8,0,0,8
1173,153.5170078277588,8,0,0,8
1174,151.5195369720459,7,0,0,7
1175,166.672945022583,9,0,0,9
1176,159.87801551818848,8,0,0,8
1177,158.7502956390381,9,0,0,9
1178,155.62009811401367,8,0,0,8
1179,154.34002876281738,9,0,0,9
1180,158.78939628601074,7,0,0,7
1181,157.61590003967285,8,0,0,8
1182,156.5546989440918,8,0,0,8
1183,159.36565399169922,9,0,0,9
1184,164.54672813415527,9,0,0,9
1185,149.8088836669922,9,0,0,9
1186,168.41483116149902,10,0,0,10
1187,154.1578769683838,10,0,0,10
1188,169.6186065673828,10,0,0,10
1189,160.23588180541992,9,0,0,9
1190,159.65533256530762,8,0,0,8
1191,150.06184577941895,7,0,0,7
1192,154.7532081604004,7,0,0,7
1193,142.43245124816895,8,0,0,8
1194,161.6194248199463,7,0,0,7
1195,165.4348373413086,8,0,0,8
1196,158.18023681640625,8,0,0,8
1197,152.20975875854492,6,0,0,6
1198,164.5364761352539,9,0,0,9
1199,159.32583808898926,8,0,0,8
1200,167.57678985595703,8,0,0,8
1201,159.76452827453613,7,0,0,7
1202,152.00304985046387,6,0,0,6
1203,149.7056484222412,8,0,0,8
1204,146.16084098815918,7,0,0,7
1205,154.97088432312012,8,0,0,8
1206,168.75171661376953,8,0,0,8
1207,150.32339096069336,6,0,0,6
1208,164.27898406982422,8,0,0,8
1209,152.6937484741211,9,0,0,9
1210,162.156343460083,7,0,0,7
1211,161.12828254699707,8,0,0,8
1212,170.32551765441895,9,0,0,9
1213,166.6731834411621,9,0,0,9
1214,163.94472122192383,11,0,0,11
1215,160.0484848022461,10,0,0,10
1216,156.9230556488037,10,0,0,10
1217,167.34743118286133,9,0,0,9
1218,159.70683097839355,9,0,0,9
1219,162.69207000732422,9,0,0,9
1220,157.19890594482422,8,0,0,8
1221,173.33197593688965,10,0,0,10
1222,156.18491172790527,9,0,0,9
1223,155.4243564605713,9,0,0,9
1224,171.22626304626465,9,0,0,9
1225,156.7246913909912,7,0,0,7
1226,157.6986312866211,7,0,0,7
1227,166.245698928833,7,0,0,7
1228,155.08747100830078,8,0,0,8
1229,153.05566787719727,7,0,0,7
1230,215.8360481262207,8,0,0,8
1231,195.27816772460938,7,0,0,7
1232,178.84182929992676,7,0,0,7
1233,164.27922248840332,8,0,0,8
1234,153.792142868042,8,0,0,8
1235,160.72702407836914,8,0,0,8
1236,163.50436210632324,8,0,0,8
1237,168.745756149292,7,0,0,7
1238,169.6298122406006,8,0,0,8
1239,172.6517677307129,6,0,0,6
1240,171.8764305114746,7,0,0,7
1241,157.59730339050293,6,0,0,6
1242,159.92045402526855,6,0,0,6
1243,177.52957344055176,6,0,0,6
1244,146.97504043579102,6,0,0,6
1245,146.72207832336426,7,0,0,7
1246,155.6098461151123,7,0,0,7
1247,160.9640121459961,8,0,1,7
1248,163.96641731262207,8,0,1,7
1249,146.41451835632324,7,0,0,7
1250,160.30645370483398,8,0,1,7
1251,161.12828254699707,8,0,1,7
1252,150.19512176513672,8,0,1,7
1253,158.89978408813477,6,0,1,5
1254,144.2708969116211,6,0,0,6
1255,155.1063060760498,6,0,1,5
1256,154.93512153625488,7,0,1,6
1257,152.72855758666992,7,0,1,6
1258,154.98924255371094,6,0,1,5
1259,182.56378173828125,6,0,1,5
1260,159.22832489013672,6,0,1,5
1261,157.1664810180664,6,0,1,5
1262,160.80808639526367,6,0,1,5
1263,153.98693084716797,6,0,1,5
1264,161.5755558013916,6,0,1,5
1265,165.1327610015869,6,0,0,6
1266,152.47583389282227,6,0,0,6
1267,169.85321044921875,6,0,0,6
1268,247.50041961669922,6,0,0,6
1269,160.72678565979004,5,0,0,5
1270,163.42782974243164,5,0,0,5
1271,172.25027084350586,6,0,0,6
1272,181.1058521270752,6,0,0,6
1273,173.1858253479004,6,0,0,6
1274,159.1014862060547,6,0,0,6
1275,176.54871940612793,7,0,0,7
1276,170.03846168518066,7,0,1,6
1277,176.2681007385254,5,0,1,4
1278,171.77677154541016,7,0,1,6
1279,173.97069931030273,7,0,1,6
1280,171.03958129882812,7,0,1,6
1281,139.7693157196045,7,0,1,6
1282,170.13835906982422,9,0,1,8
1283,173.6769676208496,8,0,1,7
1284,182.14702606201172,8,0,1,7
1285,170.3798770904541,8,0,1,7
1286,164.7469997406006,8,0,1,7
1287,149.37114715576172,9,0,1,8
1288,165.56882858276367,8,0,1,7
1289,173.81787300109863,6,0,1,5
1290,160.80927848815918,5,0,1,4
1291,169.6925163269043,5,0,1,4
1292,169.70157623291016,6,0,1,5
1293,171.9651222229004,6,0,1,5
1294,171.21219635009766,5,0,1,4
1295,174.61752891540527,5,0,1,4
1296,167.72007942199707,6,0,1,5
1297,176.09262466430664,8,0,1,7
1298,171.66924476623535,9,0,3,6
1299,152.88162231445312,8,0,3,5
1300,165.2677059173584,8,0,3,5
1301,164.8387908935547,9,0,3,6
1302,164.43371772766113,8,0,3,5
1303,176.59449577331543,7,0,3,4
1304,198.59027862548828,6,0,2,4
1305,158.3707332611084,6,0,2,4
1306,171.02360725402832,7,0,2,5
1307,150.10643005371094,7,0,2,5
1308,154.04367446899414,6,0,3,3
1309,158.8442325592041,5,0,2,3
1310,170.32670974731445,7,0,2,5
1311,176.99885368347168,7,0,2,5
1312,217.0248031616211,6,0,2,4
1313,158.08510780334473,6,0,2,4
1314,152.10509300231934,6,0,2,4
1315,168.78485679626465,6,0,2,4
1316,228.12700271606445,6,0,3,3
1317,148.06723594665527,6,0,3,3
1318,153.02205085754395,6,0,3,3
1319,158.42556953430176,6,0,3,3
1320,153.8395881652832,6,0,3,3
1321,162.9011631011963,6,0,3,3
1322,206.45523071289062,6,0,3,3
1323,199.31507110595703,6,0,3,3
1324,164.6900177001953,9,0,3,6
1325,172.6846694946289,9,0,3,6
1326,185.87136268615723,9,0,3,6
1327,206.93039894104004,9,0,3,6
1328,141.0224437713623,10,0,2,8
1329,259.77611541748047,10,0,4,6
1330,208.2803249359131,12,0,3,9
1331,166.70942306518555,12,0,2,10
1332,154.9830436706543,11,0,3,8
1333,174.6654510498047,11,0,3,8
1334,151.69787406921387,9,0,2,7
1335,162.6443862915039,10,0,2,8
1336,164.31355476379395,10,0,2,8
1337,164.82114791870117,8,0,2,6
1338,154.65688705444336,8,0,2,6
1339,165.01688957214355,8,0,2,6
1340,159.25168991088867,7,0,2,5
1341,163.17176818847656,8,0,2,6
1342,163.87009620666504,8,0,2,6
1343,163.04802894592285,8,0,2,6
1344,203.1230926513672,7,0,2,5
1345,184.84020233154297,8,0,2,6
1346,151.58796310424805,8,0,2,6
1347,161.8797779083252,9,0,3,6
1348,150.53033828735352,7,0,2,5
1349,148.2219696044922,8,0,2,6
1350,146.8486785888672,6,0,2,4
1351,161.2851619720459,8,0,2,6
1352,162.72234916687012,8,0,3,5
1353,165.54951667785645,8,0,3,5
1354,160.94374656677246,7,0,3,4
1355,150.99787712097168,7,0,3,4
1356,165.54617881774902,7,0,3,4
1357,143.68057250976562,7,0,3,4
1358,161.50164604187012,7,0,3,4
1359,164.3671989440918,7,0,3,4
1360,166.4559841156006,8,0,3,5
1361,145.28656005859375,7,0,2,5
1362,166.1379337310791,5,0,2,3
1363,167.04249382019043,5,0,2,3
1364,136.27219200134277,6,0,2,4
1365,116.97506904602051,7,0,2,5
1366,122.55001068115234,5,0,2,3
1367,120.5751895904541,6,0,3,3
1368,121.68264389038086,7,0,2,5
1369,121.0319995880127,6,0,2,4
1370,120.64266204833984,6,0,2,4
1371,135.5595588684082,7,0,2,5
1372,120.47791481018066,8,0,3,5
1373,120.61166763305664,8,0,3,5
1374,126.56784057617188,8,0,3,5
1375,121.55890464782715,7,0,3,4
1376,119.82560157775879,5,0,3,2
1377,114.61782455444336,5,0,3,2
1378,120.06616592407227,5,0,3,2
1379,167.5417423248291,5,0,3,2
1380,139.44315910339355,5,0,3,2
1381,118.63565444946289,5,0,3,2
1382,113.04998397827148,5,0,3,2
1383,113.09123039245605,5,0,2,3
1384,128.39937210083008,5,0,2,3
1385,171.6177463531494,4,0,1,3
1386,115.17953872680664,6,0,2,4
1387,113.0523681640625,6,0,2,4
1388,130.27071952819824,6,0,2,4
1389,122.28274345397949,6,0,2,4
1390,113.04783821105957,7,0,2,5
1391,132.61127471923828,6,0,2,4
1392,115.30423164367676,5,0,2,3
1393,120.05376815795898,4,0,2,2
1394,121.59967422485352,4,1,1,2
1395,121.99926376342773,4,1,1,2
1396,130.56707382202148,4,1,1,2
1397,123.10409545898438,4,1,0,3
1398,126.08146667480469,4,1,0,3
1399,125.28252601623535,5,1,0,4
1400,118.2558536529541,5,1,0,4
1401,113.2972240447998,6,1,0,5
1402,116.57309532165527,6,1,0,5
1403,114.07589912414551,6,1,0,5
1404,117.17486381530762,6,1,0,5
1405,126.05619430541992,6,1,0,5
1406,116.55306816101074,5,1,0,4
1407,117.18344688415527,5,1,0,4
1408,115.22340774536133,5,1,0,4
1409,122.54905700683594,5,1,0,4
1410,114.08495903015137,6,1,0,5
1411,113.82627487182617,5,1,0,4
1412,124.56274032592773,5,1,0,4
1413,111.59658432006836,5,1,0,4
1414,116.6377067565918,6,1,0,5
1415,115.68522453308105,6,1,0,5
1416,114.40086364746094,6,1,0,5
1417,115.05556106567383,6,0,1,5
1418,118.05438995361328,6,0,1,5
1419,112.88166046142578,6,0,1,5
1420,115.54884910583496,6,0,1,5
1421,130.05638122558594,6,0,1,5
1422,121.35457992553711,6,1,0,5
1423,117.10500717163086,7,1,1,5
1424,115.54813385009766,7,1,1,5
1425,117.55537986755371,6,1,0,5
1426,123.8408088684082,6,1,0,5
1427,117.64407157897949,6,1,1,4
1428,111.54985427856445,7,1,1,5
1429,131.0710906982422,7,1,2,4
1430,119.05288696289062,9,1,0,8
1431,115.1421070098877,9,1,0,8
1432,117.60473251342773,9,1,2,6
1433,117.37489700317383,9,1,5,3
1434,117.13480949401855,9,1,7,1
1435,118.04986000061035,8,1,7,0
1436,111.5577220916748,8,1,5,2
1437,127.27046012878418,8,1,6,1
1438,114.36653137207031,10,1,8,1
1439,116.61648750305176,10,1,8,1
1440,118.54767799377441,10,1,5,4
1441,114.08615112304688,10,1,5,4
1442,129.0743350982666,9,1,5,3
1443,133.54110717773438,9,1,3,5
1444,125.8244514465332,8,1,4,3
1445,126.36661529541016,7,1,3,3
1446,127.17652320861816,7,1,3,3
1447,122.81370162963867,8,1,7,0
1448,127.20441818237305,8,1,7,0
1449,122.61199951171875,7,1,6,0
1450,120.98050117492676,7,1,6,0
1451,127.16031074523926,7,1,6,0
1452,122.94435501098633,7,1,6,0
1453,125.76580047607422,7,1,6,0
1454,121.68622016906738,7,1,6,0
1455,133.53466987609863,8,1,7,0
1456,120.65744400024414,7,0,7,0
1457,122.62892723083496,7,0,7,0
1458,121.63734436035156,6,0,6,0
1459,127.68292427062988,6,0,6,0
1460,124.56154823303223,5,0,5,0
1461,129.9433708190918,6,0,6,0
1462,133.2569122314453,6,0,6,0
1463,152.68778800964355,5,0,5,0
1464,115.55671691894531,5,0,5,0
1465,118.19624900817871,7,0,7,0
1466,122.14159965515137,8,0,8,0
1467,129.4419765472412,6,0,6,0
1468,129.37140464782715,6,0,6,0
1469,118.56317520141602,6,0,6,0
1470,125.05936622619629,7,0,7,0
1471,143.59164237976074,7,0,7,0
1472,148.48732948303223,7,0,7,0
1473,154.3254852294922,7,0,7,0
1474,137.3000144958496,8,0,8,0
1475,149.19281005859375,8,0,8,0
1476,136.46602630615234,8,0,7,1
1477,132.9784393310547,7,0,7,0
1478,171.42391204833984,6,0,6,0
1479,164.37458992004395,6,0,5,1
1480,157.29665756225586,6,0,5,1
1481,168.8244342803955,6,0,5,1
1482,149.05571937561035,6,0,5,1
1483,166.28241539001465,6,0,5,1
1484,160.0360870361328,6,0,5,1
1485,140.07854461669922,6,0,5,1
1486,155.7614803314209,6,0,5,1
1487,148.21147918701172,6,0,5,1
1488,144.41442489624023,5,0,4,1
1489,154.05583381652832,6,0,5,1
1490,160.6755256652832,6,0,5,1
1491,138.00811767578125,6,0,5,1
1492,141.0377025604248,5,0,3,2
1493,150.23446083068848,5,0,3,2
1494,156.48818016052246,5,0,4,1
1495,152.4367332458496,5,0,4,1
1496,148.7140655517578,5,0,4,1
1497,143.8288688659668,5,0,4,1
1498,147.36223220825195,5,0,4,1
1499,135.7135772705078,5,0,4,1
1500,157.06253051757812,5,2,2,1
1501,147.33386039733887,5,2,2,1
1502,147.02987670898438,5,2,3,0
1503,151.3996124267578,5,2,3,0
1504,156.19969367980957,5,2,3,0
1505,148.37217330932617,5,2,3,0
1506,156.56423568725586,5,2,3,0
1507,156.02469444274902,5,2,3,0
1508,150.91323852539062,5,1,4,0
1509,139.32085037231445,5,0,4,1
1510,137.162446975708,5,0,4,1
1511,153.15628051757812,5,0,4,1
1512,156.2182903289795,4,0,3,1
1513,175.10628700256348,4,0,3,1
1514,151.16119384765625,4,0,3,1
1515,154.04248237609863,4,0,3,1
1516,149.08361434936523,4,0,3,1
1517,152.48751640319824,4,0,3,1
1518,140.95115661621094,4,0,3,1
1519,127.61330604553223,4,0,3,1
1520,137.63785362243652,4,0,3,1
1521,155.26700019836426,4,0,3,1
1522,161.5297794342041,4,0,3,1
1523,154.24060821533203,4,0,3,1
1524,165.9255027770996,4,0,3,1
1525,150.27737617492676,4,0,3,1
1526,150.8619785308838,4,0,3,1
1527,159.21378135681152,4,0,3,1
1528,146.8513011932373,3,0,2,1
1529,142.22431182861328,3,0,2,1
1530,149.30152893066406,3,0,2,1
1531,164.42441940307617,3,0,2,1
1532,165.95149040222168,3,0,2,1
1533,148.40316772460938,3,0,2,1
1534,161.99350357055664,3,0,2,1
1535,146.28052711486816,3,0,2,1
1536,140.08045196533203,3,0,2,1
1537,153.55229377746582,3,0,2,1
1538,142.52185821533203,3,0,2,1
1539,165.8477783203125,3,0,2,1
1540,156.19134902954102,3,0,2,1
1541,162.48273849487305,3,0,2,1
1542,159.25908088684082,3,0,2,1
1543,147.2330093383789,3,0,2,1
1544,168.82634162902832,3,0,2,1
1545,164.55864906311035,3,0,2,1
1546,151.13377571105957,3,0,2,1
1547,153.00488471984863,3,0,2,1
1548,146.3949680328369,3,0,2,1
1549,165.5266284942627,3,0,2,1
1550,166.8992042541504,4,0,3,1
1551,152.0676612854004,3,0,2,1
1552,141.54720306396484,3,0,2,1
1553,132.92956352233887,3,0,2,1
1554,148.6196517944336,3,0,2,1
1555,151.503324508667,3,0,2,1
1556,155.9457778930664,3,0,2,1
1557,131.68740272521973,3,0,2,1
1558,156.83507919311523,4,0,3,1
1559,156.91590309143066,3,0,2,1
1560,151.56173706054688,3,0,2,1
1561,147.37200736999512,4,0,3,1
1562,148.85354042053223,3,0,2,1
1563,144.81091499328613,3,0,2,1
1564,147.49693870544434,3,0,2,1
1565,158.1716537475586,3,0,2,1
1566,159.196138381958,3,0,2,1
1567,166.1088466644287,3,0,2,1
1568,164.25514221191406,3,0,2,1
1569,164.66522216796875,3,0,2,1
1570,150.38371086120605,3,0,2,1
1571,153.65052223205566,3,0,2,1
1572,155.47513961791992,4,0,3,1
1573,146.32630348205566,4,0,3,1
1574,139.6188735961914,4,0,3,1
1575,138.89598846435547,4,0,3,1
1576,164.5197868347168,4,0,3,1
1577,167.40179061889648,4,0,3,1
1578,166.03636741638184,3,0,2,1
1579,159.49749946594238,3,0,2,1
1580,166.51630401611328,4,0,3,1
1581,162.59145736694336,3,0,2,1
1582,145.56479454040527,3,0,2,1
1583,145.66564559936523,3,0,2,1
1584,167.63734817504883,3,0,2,1
1585,163.0849838256836,3,0,2,1
1586,155.4889678955078,3,0,2,1
1587,130.39684295654297,3,0,2,1
1588,131.5927505493164,5,0,3,2
1589,153.72729301452637,2,0,1,1
1590,163.16962242126465,3,0,2,1
1591,157.6101779937744,3,0,2,1
1592,158.3116054534912,4,0,3,1
1593,163.70177268981934,4,0,3,1
1594,163.7136936187744,3,0,2,1
1595,150.65670013427734,3,0,2,1
1596,145.93005180358887,3,0,2,1
1597,148.8337516784668,3,0,2,1
1598,145.24102210998535,3,0,2,1
1599,151.9029140472412,3,0,2,1
1600,146.17133140563965,4,0,3,1
1601,151.90792083740234,3,0,2,1
1602,163.15054893493652,3,0,2,1
1603,155.3027629852295,4,0,3,1
1604,144.73462104797363,3,0,2,1
1605,161.8666648864746,3,0,2,1
1606,162.4622344970703,3,0,2,1
1607,151.8383026123047,3,0,2,1
1608,145.86734771728516,3,0,2,1
1609,144.3350315093994,3,0,2,1
1610,159.82651710510254,3,0,2,1
1611,154.91032600402832,3,0,2,1
1612,153.19108963012695,3,0,2,1
1613,141.8473720550537,3,0,2,1
1614,144.70720291137695,3,0,2,1
1615,144.41561698913574,3,0,2,1
1616,148.55217933654785,3,0,2,1
1617,153.9163589477539,3,0,2,1
1618,163.4974479675293,3,0,2,1
1619,151.71384811401367,3,0,2,1
1620,152.740478515625,3,1,1,1
1621,181.72788619995117,3,1,1,1
1622,151.84903144836426,3,0,2,1
1623,163.98262977600098,3,0,2,1
1624,166.94140434265137,3,0,2,1
1625,163.8772487640381,3,0,2,1
1626,187.02173233032227,3,0,2,1
1627,161.31019592285156,3,0,2,1
1628,151.77011489868164,3,0,2,1
1629,149.70803260803223,3,0,2,1
1630,153.66101264953613,3,0,2,1
1631,164.21175003051758,4,0,2,2
1632,164.62302207946777,4,0,2,2
1633,148.78511428833008,4,0,2,2
1634,150.85411071777344,5,0,3,2
1635,143.49746704101562,5,0,3,2
1636,153.33127975463867,5,0,3,2
1637,153.3181667327881,5,0,3,2
1638,156.0533046722412,5,1,2,2
1639,149.90544319152832,5,1,2,2
1640,151.79204940795898,4,1,1,2
1641,146.76260948181152,4,1,1,2
1642,150.0082015991211,4,1,1,2
1643,138.6282444000244,4,1,1,2
1644,149.4147777557373,4,1,1,2
1645,134.45138931274414,4,1,1,2
1646,147.8261947631836,4,1,1,2
1647,155.7011604309082,4,1,1,2
1648,159.7757339477539,4,1,1,2
1649,163.5270118713379,5,1,2,2
1650,154.9363136291504,5,1,2,2
1651,159.1331958770752,5,1,2,2
1652,133.50844383239746,5,1,2,2
1653,149.75380897521973,5,1,2,2
1654,153.12671661376953,5,1,2,2
1655,153.57279777526855,5,1,2,2
1656,141.16382598876953,3,1,0,2
1657,158.98680686950684,4,1,1,2
1658,164.95299339294434,4,1,1,2
1659,151.65996551513672,4,1,1,2
1660,130.7985782623291,4,1,1,2
1661,131.7431926727295,4,1,1,2
1662,142.67444610595703,4,1,1,2
1663,142.27724075317383,4,1,1,2
1664,161.8950366973877,4,1,1,2
1665,162.41121292114258,4,1,1,2
1666,160.89534759521484,4,0,2,2
1667,163.7098789215088,4,1,1,2
1668,162.05382347106934,4,1,1,2
1669,165.45414924621582,4,1,1,2
1670,166.2445068359375,4,1,1,2
1671,152.00304985046387,4,1,1,2
1672,149.18971061706543,4,1,1,2
1673,140.5313014984131,4,0,2,2
1674,145.6320285797119,4,0,2,2
1675,162.31489181518555,5,0,3,2
1676,149.80125427246094,5,1,2,2
1677,148.07868003845215,3,1,0,2
1678,148.4997272491455,4,1,1,2
1679,159.27577018737793,4,1,1,2
1680,161.2544059753418,4,1,1,2
1681,150.59542655944824,4,1,1,2
1682,153.2907485961914,4,1,1,2
1683,166.0630702972412,4,1,1,2
1684,166.7346954345703,5,1,2,2
1685,147.94492721557617,3,0,1,2
1686,154.69622611999512,4,0,2,2
1687,165.9541130065918,5,0,3,2
1688,139.97459411621094,5,0,3,2
1689,157.81259536743164,5,0,3,2
1690,145.33495903015137,5,0,3,2
1691,149.93023872375488,5,0,3,2
1692,144.16217803955078,4,0,2,2
1693,160.5682373046875,4,0,2,2
1694,165.27605056762695,5,0,3,2
1695,149.67703819274902,4,0,2,2
1696,151.8416404724121,4,0,2,2
1697,194.00572776794434,4,0,2,2
1698,161.6053581237793,4,0,2,2
1699,150.8786678314209,4,0,2,2
1700,152.64415740966797,4,0,2,2
1701,136.95383071899414,4,0,2,2
1702,137.51745223999023,4,0,2,2
1703,126.1756420135498,4,0,2,2
1704,147.6762294769287,4,0,2,2
1705,143.31650733947754,4,0,2,2
1706,158.12230110168457,4,0,2,2
1707,142.87495613098145,4,0,2,2
1708,136.1689567565918,4,0,3,1
1709,161.42964363098145,4,1,2,1
1710,146.58331871032715,5,2,2,1
1711,129.25362586975098,5,2,2,1
1712,140.64717292785645,4,1,2,1
1713,153.1515121459961,4,1,2,1
1714,141.8020725250244,5,2,2,1
1715,160.82072257995605,5,2,2,1
1716,157.56988525390625,4,1,2,1
1717,142.91644096374512,4,1,1,2
1718,162.88137435913086,5,2,1,2
1719,155.2131175994873,5,2,1,2
1720,146.65579795837402,5,2,1,2
1721,139.15562629699707,5,2,1,2
1722,137.32457160949707,5,2,1,2
1723,144.0904140472412,3,0,1,2
1724,160.92348098754883,4,0,2,2
1725,158.1437587738037,4,0,2,2
1726,154.19602394104004,4,0,2,2
1727,144.05274391174316,4,0,2,2
1728,160.94970703125,3,0,2,1
1729,153.02085876464844,4,0,2,2
1730,142.88854598999023,4,0,2,2
1731,126.00040435791016,3,0,2,1
1732,151.75533294677734,3,0,2,1
1733,157.5002670288086,3,0,2,1
1734,139.36614990234375,3,0,2,1
1735,127.26449966430664,3,0,2,1
1736,153.68056297302246,3,0,2,1
1737,161.31353378295898,3,0,2,1
1738,161.5891456604004,3,0,2,1
1739,147.95160293579102,3,0,2,1
1740,131.20365142822266,3,0,2,1
1741,148.41341972351074,3,0,2,1
1742,130.69939613342285,3,0,2,1
1743,149.0161418914795,3,0,2,1
1744,144.93370056152344,3,0,2,1
1745,143.15223693847656,3,0,2,1
1746,129.929780960083,4,0,3,1
1747,139.06240463256836,3,0,2,1
1748,144.80233192443848,3,0,2,1
1749,126.57713890075684,3,0,2,1
1750,145.51234245300293,3,0,2,1
1751,142.69709587097168,3,0,2,1
1752,143.7551975250244,4,0,3,1
1753,137.02654838562012,3,0,2,1
1754,140.46478271484375,3,0,2,1
1755,159.9898338317871,4,0,3,1
1756,160.51650047302246,4,0,3,1
1757,158.82158279418945,4,0,3,1
1758,162.62078285217285,2,0,1,1
1759,143.58782768249512,3,0,2,1
1760,139.13464546203613,3,0,2,1
1761,143.48554611206055,3,0,2,1
1762,140.65051078796387,3,0,2,1
1763,135.6639862060547,3,1,1,1
1764,189.24951553344727,3,1,1,1
1765,139.33181762695312,3,1,1,1
1766,146.9571590423584,3,1,1,1
1767,156.21685981750488,3,1,1,1
1768,163.67721557617188,3,1,2,0
1769,134.11426544189453,3,1,1,1
1770,124.35603141784668,3,1,1,1
1771,122.15733528137207,3,1,1,1
1772,123.20303916931152,3,1,1,1
1773,119.5521354675293,3,1,1,1
1774,122.06411361694336,3,0,2,1
1775,120.58448791503906,3,0,2,1
1776,122.06149101257324,4,0,2,2
1777,113.49010467529297,4,0,3,1
1778,118.81303787231445,4,0,3,1
1779,145.42150497436523,4,0,3,1
1780,119.66538429260254,4,0,3,1
1781,126.07145309448242,4,0,2,2
1782,119.06838417053223,4,0,2,2
1783,117.68960952758789,4,0,2,2
1784,115.63801765441895,4,0,2,2
1785,117.55514144897461,4,0,2,2
1786,118.0562973022461,4,0,2,2
1787,119.55451965332031,4,0,2,2
1788,117.0351505279541,4,0,2,2
1789,120.17440795898438,4,0,2,2
1790,119.03762817382812,4,0,2,2
1791,123.55446815490723,4,0,2,2
1792,118.52860450744629,4,0,2,2
1793,120.01657485961914,4,0,2,2
1794,121.56820297241211,4,0,2,2
1795,128.5696029663086,4,0,2,2
1796,120.66459655761719,4,0,2,2
1797,116.5616512298584,4,0,3,1
1798,121.5662956237793,4,0,2,2
1799,118.06559562683105,3,0,2,1
1800,119.06981468200684,4,0,2,2
